alpha_2,alpha_3,flag,name,numeric,official_name,common_name,region_ar6_6,region_ar6_10,region_ar6_22,region_ar6_dev
AW,ABW,ğŸ‡¦ğŸ‡¼,Aruba,533,,,Latin America and Caribbean,Latin America and Caribbean,Caribbean,developing
AF,AFG,ğŸ‡¦ğŸ‡«,Afghanistan,004,Islamic Republic of Afghanistan,,Asia and developing Pacific,Southern Asia,Rest of Southern Asia,ldc
AO,AGO,ğŸ‡¦ğŸ‡´,Angola,024,Republic of Angola,,Africa,Africa,Southern and middle Africa,ldc
AI,AIA,ğŸ‡¦ğŸ‡®,Anguilla,660,,,Latin America and Caribbean,Latin America and Caribbean,Caribbean,developing
AX,ALA,ğŸ‡¦ğŸ‡½,Ã…land Islands,248,,,Developed Countries,Europe,Northern and western Europe,developed
AL,ALB,ğŸ‡¦ğŸ‡±,Albania,008,Republic of Albania,,Developed Countries,Europe,Southern and eastern Europe,developed
AD,AND,ğŸ‡¦ğŸ‡©,Andorra,020,Principality of Andorra,,Developed Countries,Europe,Southern and eastern Europe,developed
AE,ARE,ğŸ‡¦ğŸ‡ª,United Arab Emirates,784,,,Middle East,Middle East,Middle East,developing
AR,ARG,ğŸ‡¦ğŸ‡·,Argentina,032,Argentine Republic,,Latin America and Caribbean,Latin America and Caribbean,South America,developing
AM,ARM,ğŸ‡¦ğŸ‡²,Armenia,051,Republic of Armenia,,Eastern Europe and West-Central Asia,Eurasia,Eurasia,developing
AS,ASM,ğŸ‡¦ğŸ‡¸,American Samoa,016,,,Asia and developing Pacific,South-East Asia and developing Pacific,Developing Pacific,developing
TF,ATF,ğŸ‡¹ğŸ‡«,French Southern Territories,260,,,Africa,Africa,Eastern Africa,developing
AG,ATG,ğŸ‡¦ğŸ‡¬,Antigua and Barbuda,028,,,Latin America and Caribbean,Latin America and Caribbean,Caribbean,developing
AU,AUS,ğŸ‡¦ğŸ‡º,Australia,036,,,Developed Countries,Asia-Pacific Developed,Australia & New Zealand,developed
AT,AUT,ğŸ‡¦ğŸ‡¹,Austria,040,Republic of Austria,,Developed Countries,Europe,Northern and western Europe,developed
AZ,AZE,ğŸ‡¦ğŸ‡¿,Azerbaijan,031,Republic of Azerbaijan,,Eastern Europe and West-Central Asia,Eurasia,Eurasia,developing
BI,BDI,ğŸ‡§ğŸ‡®,Burundi,108,Republic of Burundi,,Africa,Africa,Eastern Africa,ldc
BE,BEL,ğŸ‡§ğŸ‡ª,Belgium,056,Kingdom of Belgium,,Developed Countries,Europe,Northern and western Europe,developed
BJ,BEN,ğŸ‡§ğŸ‡¯,Benin,204,Republic of Benin,,Africa,Africa,Western Africa,ldc
BQ,BES,ğŸ‡§ğŸ‡¶,"Bonaire, Sint Eustatius and Saba",535,"Bonaire, Sint Eustatius and Saba",,Latin America and Caribbean,Latin America and Caribbean,Caribbean,developing
BF,BFA,ğŸ‡§ğŸ‡«,Burkina Faso,854,,,Africa,Africa,Western Africa,ldc
BD,BGD,ğŸ‡§ğŸ‡©,Bangladesh,050,People's Republic of Bangladesh,,Asia and developing Pacific,Southern Asia,Rest of Southern Asia,ldc
BG,BGR,ğŸ‡§ğŸ‡¬,Bulgaria,100,Republic of Bulgaria,,Developed Countries,Europe,Southern and eastern Europe,developed
BH,BHR,ğŸ‡§ğŸ‡­,Bahrain,048,Kingdom of Bahrain,,Middle East,Middle East,Middle East,developing
BS,BHS,ğŸ‡§ğŸ‡¸,Bahamas,044,Commonwealth of the Bahamas,,Latin America and Caribbean,Latin America and Caribbean,Caribbean,developing
BA,BIH,ğŸ‡§ğŸ‡¦,Bosnia and Herzegovina,070,Republic of Bosnia and Herzegovina,,Developed Countries,Europe,Southern and eastern Europe,developed
BL,BLM,ğŸ‡§ğŸ‡±,Saint BarthÃ©lemy,652,,,Latin America and Caribbean,Latin America and Caribbean,Caribbean,developing
BY,BLR,ğŸ‡§ğŸ‡¾,Belarus,112,Republic of Belarus,,Eastern Europe and West-Central Asia,Eurasia,Eurasia,developed
BZ,BLZ,ğŸ‡§ğŸ‡¿,Belize,084,,,Latin America and Caribbean,Latin America and Caribbean,Meso America,developing
BM,BMU,ğŸ‡§ğŸ‡²,Bermuda,060,,,Developed Countries,North America,"Greenland, Bermuda + others",developed
BO,BOL,ğŸ‡§ğŸ‡´,"Bolivia, Plurinational State of",068,Plurinational State of Bolivia,Bolivia,Latin America and Caribbean,Latin America and Caribbean,South America,developing
BR,BRA,ğŸ‡§ğŸ‡·,Brazil,076,Federative Republic of Brazil,,Latin America and Caribbean,Latin America and Caribbean,South America,developing
BB,BRB,ğŸ‡§ğŸ‡§,Barbados,052,,,Latin America and Caribbean,Latin America and Caribbean,Caribbean,developing
BN,BRN,ğŸ‡§ğŸ‡³,Brunei Darussalam,096,,,Asia and developing Pacific,South-East Asia and developing Pacific,South-East Asia,developing
BT,BTN,ğŸ‡§ğŸ‡¹,Bhutan,064,Kingdom of Bhutan,,Asia and developing Pacific,Southern Asia,Rest of Southern Asia,ldc
BV,BVT,ğŸ‡§ğŸ‡»,Bouvet Island,074,,,Latin America and Caribbean,Latin America and Caribbean,South America,developing
BW,BWA,ğŸ‡§ğŸ‡¼,Botswana,072,Republic of Botswana,,Africa,Africa,Southern and middle Africa,developing
CF,CAF,ğŸ‡¨ğŸ‡«,Central African Republic,140,,,Africa,Africa,Southern and middle Africa,ldc
CA,CAN,ğŸ‡¨ğŸ‡¦,Canada,124,,,Developed Countries,North America,USA & Canada,developed
CC,CCK,ğŸ‡¨ğŸ‡¨,Cocos (Keeling) Islands,166,,,Developed Countries,Asia-Pacific Developed,Asia-Pacific Developed (others),developed
CH,CHE,ğŸ‡¨ğŸ‡­,Switzerland,756,Swiss Confederation,,Developed Countries,Europe,Northern and western Europe,developed
CL,CHL,ğŸ‡¨ğŸ‡±,Chile,152,Republic of Chile,,Latin America and Caribbean,Latin America and Caribbean,South America,developing
CN,CHN,ğŸ‡¨ğŸ‡³,China,156,People's Republic of China,,Asia and developing Pacific,Eastern Asia,Eastern Asia,developing
CI,CIV,ğŸ‡¨ğŸ‡®,CÃ´te d'Ivoire,384,Republic of CÃ´te d'Ivoire,,Africa,Africa,Western Africa,developing
CM,CMR,ğŸ‡¨ğŸ‡²,Cameroon,120,Republic of Cameroon,,Africa,Africa,Southern and middle Africa,developing
CD,COD,ğŸ‡¨ğŸ‡©,"Congo, The Democratic Republic of the",180,,,Africa,Africa,Southern and middle Africa,ldc
CG,COG,ğŸ‡¨ğŸ‡¬,Congo,178,Republic of the Congo,,Africa,Africa,Southern and middle Africa,developing
CK,COK,ğŸ‡¨ğŸ‡°,Cook Islands,184,,,Asia and developing Pacific,South-East Asia and developing Pacific,Developing Pacific,developing
CO,COL,ğŸ‡¨ğŸ‡´,Colombia,170,Republic of Colombia,,Latin America and Caribbean,Latin America and Caribbean,South America,developing
KM,COM,ğŸ‡°ğŸ‡²,Comoros,174,Union of the Comoros,,Africa,Africa,Eastern Africa,ldc
CV,CPV,ğŸ‡¨ğŸ‡»,Cabo Verde,132,Republic of Cabo Verde,,Africa,Africa,Western Africa,developing
CR,CRI,ğŸ‡¨ğŸ‡·,Costa Rica,188,Republic of Costa Rica,,Latin America and Caribbean,Latin America and Caribbean,Meso America,developing
CU,CUB,ğŸ‡¨ğŸ‡º,Cuba,192,Republic of Cuba,,Latin America and Caribbean,Latin America and Caribbean,Caribbean,developing
CW,CUW,ğŸ‡¨ğŸ‡¼,CuraÃ§ao,531,CuraÃ§ao,,Latin America and Caribbean,Latin America and Caribbean,Caribbean,developing
CX,CXR,ğŸ‡¨ğŸ‡½,Christmas Island,162,,,Developed Countries,Asia-Pacific Developed,Asia-Pacific Developed (others),developed
KY,CYM,ğŸ‡°ğŸ‡¾,Cayman Islands,136,,,Latin America and Caribbean,Latin America and Caribbean,Caribbean,developing
CY,CYP,ğŸ‡¨ğŸ‡¾,Cyprus,196,Republic of Cyprus,,Developed Countries,Europe,Southern and eastern Europe,developed
CZ,CZE,ğŸ‡¨ğŸ‡¿,Czechia,203,Czech Republic,,Developed Countries,Europe,Southern and eastern Europe,developed
DE,DEU,ğŸ‡©ğŸ‡ª,Germany,276,Federal Republic of Germany,,Developed Countries,Europe,Northern and western Europe,developed
DJ,DJI,ğŸ‡©ğŸ‡¯,Djibouti,262,Republic of Djibouti,,Africa,Africa,Eastern Africa,ldc
DM,DMA,ğŸ‡©ğŸ‡²,Dominica,212,Commonwealth of Dominica,,Latin America and Caribbean,Latin America and Caribbean,Caribbean,developing
DK,DNK,ğŸ‡©ğŸ‡°,Denmark,208,Kingdom of Denmark,,Developed Countries,Europe,Northern and western Europe,developed
DO,DOM,ğŸ‡©ğŸ‡´,Dominican Republic,214,,,Latin America and Caribbean,Latin America and Caribbean,Caribbean,developing
DZ,DZA,ğŸ‡©ğŸ‡¿,Algeria,012,People's Democratic Republic of Algeria,,Africa,Africa,North Africa,developing
EC,ECU,ğŸ‡ªğŸ‡¨,Ecuador,218,Republic of Ecuador,,Latin America and Caribbean,Latin America and Caribbean,South America,developing
EG,EGY,ğŸ‡ªğŸ‡¬,Egypt,818,Arab Republic of Egypt,,Africa,Africa,North Africa,developing
ER,ERI,ğŸ‡ªğŸ‡·,Eritrea,232,the State of Eritrea,,Africa,Africa,Eastern Africa,ldc
EH,ESH,ğŸ‡ªğŸ‡­,Western Sahara,732,,,Africa,Africa,North Africa,developing
ES,ESP,ğŸ‡ªğŸ‡¸,Spain,724,Kingdom of Spain,,Developed Countries,Europe,Southern and eastern Europe,developed
EE,EST,ğŸ‡ªğŸ‡ª,Estonia,233,Republic of Estonia,,Developed Countries,Europe,Northern and western Europe,developed
ET,ETH,ğŸ‡ªğŸ‡¹,Ethiopia,231,Federal Democratic Republic of Ethiopia,,Africa,Africa,Eastern Africa,ldc
FI,FIN,ğŸ‡«ğŸ‡®,Finland,246,Republic of Finland,,Developed Countries,Europe,Northern and western Europe,developed
FJ,FJI,ğŸ‡«ğŸ‡¯,Fiji,242,Republic of Fiji,,Asia and developing Pacific,South-East Asia and developing Pacific,Developing Pacific,developing
FK,FLK,ğŸ‡«ğŸ‡°,Falkland Islands (Malvinas),238,,,Latin America and Caribbean,Latin America and Caribbean,South America,developing
FR,FRA,ğŸ‡«ğŸ‡·,France,250,French Republic,,Developed Countries,Europe,Northern and western Europe,developed
FO,FRO,ğŸ‡«ğŸ‡´,Faroe Islands,234,,,Developed Countries,Europe,Northern and western Europe,developed
FM,FSM,ğŸ‡«ğŸ‡²,"Micronesia, Federated States of",583,Federated States of Micronesia,,Asia and developing Pacific,South-East Asia and developing Pacific,Developing Pacific,developing
GA,GAB,ğŸ‡¬ğŸ‡¦,Gabon,266,Gabonese Republic,,Africa,Africa,Southern and middle Africa,developing
GB,GBR,ğŸ‡¬ğŸ‡§,United Kingdom,826,United Kingdom of Great Britain and Northern Ireland,,Developed Countries,Europe,Northern and western Europe,developed
GE,GEO,ğŸ‡¬ğŸ‡ª,Georgia,268,,,Eastern Europe and West-Central Asia,Eurasia,Eurasia,developing
GG,GGY,ğŸ‡¬ğŸ‡¬,Guernsey,831,,,Developed Countries,Europe,Northern and western Europe,developed
GH,GHA,ğŸ‡¬ğŸ‡­,Ghana,288,Republic of Ghana,,Africa,Africa,Western Africa,developing
GI,GIB,ğŸ‡¬ğŸ‡®,Gibraltar,292,,,Developed Countries,Europe,Southern and eastern Europe,developed
GN,GIN,ğŸ‡¬ğŸ‡³,Guinea,324,Republic of Guinea,,Africa,Africa,Western Africa,ldc
GP,GLP,ğŸ‡¬ğŸ‡µ,Guadeloupe,312,,,Latin America and Caribbean,Latin America and Caribbean,Caribbean,developing
GM,GMB,ğŸ‡¬ğŸ‡²,Gambia,270,Republic of the Gambia,,Africa,Africa,Western Africa,ldc
GW,GNB,ğŸ‡¬ğŸ‡¼,Guinea-Bissau,624,Republic of Guinea-Bissau,,Africa,Africa,Western Africa,ldc
GQ,GNQ,ğŸ‡¬ğŸ‡¶,Equatorial Guinea,226,Republic of Equatorial Guinea,,Africa,Africa,Southern and middle Africa,developing
GR,GRC,ğŸ‡¬ğŸ‡·,Greece,300,Hellenic Republic,,Developed Countries,Europe,Southern and eastern Europe,developed
GD,GRD,ğŸ‡¬ğŸ‡©,Grenada,308,,,Latin America and Caribbean,Latin America and Caribbean,Caribbean,developing
GL,GRL,ğŸ‡¬ğŸ‡±,Greenland,304,,,Developed Countries,North America,"Greenland, Bermuda + others",developed
GT,GTM,ğŸ‡¬ğŸ‡¹,Guatemala,320,Republic of Guatemala,,Latin America and Caribbean,Latin America and Caribbean,Meso America,developing
GF,GUF,ğŸ‡¬ğŸ‡«,French Guiana,254,,,Latin America and Caribbean,Latin America and Caribbean,South America,developing
GU,GUM,ğŸ‡¬ğŸ‡º,Guam,316,,,Asia and developing Pacific,South-East Asia and developing Pacific,Developing Pacific,developing
GY,GUY,ğŸ‡¬ğŸ‡¾,Guyana,328,Republic of Guyana,,Latin America and Caribbean,Latin America and Caribbean,South America,developing
HK,HKG,ğŸ‡­ğŸ‡°,Hong Kong,344,Hong Kong Special Administrative Region of China,,Asia and developing Pacific,Eastern Asia,Eastern Asia,developing
HM,HMD,ğŸ‡­ğŸ‡²,Heard Island and McDonald Islands,334,,,Developed Countries,Asia-Pacific Developed,Asia-Pacific Developed (others),developed
HN,HND,ğŸ‡­ğŸ‡³,Honduras,340,Republic of Honduras,,Latin America and Caribbean,Latin America and Caribbean,Meso America,developing
HR,HRV,ğŸ‡­ğŸ‡·,Croatia,191,Republic of Croatia,,Developed Countries,Europe,Southern and eastern Europe,developed
HT,HTI,ğŸ‡­ğŸ‡¹,Haiti,332,Republic of Haiti,,Latin America and Caribbean,Latin America and Caribbean,Caribbean,ldc
HU,HUN,ğŸ‡­ğŸ‡º,Hungary,348,Hungary,,Developed Countries,Europe,Southern and eastern Europe,developed
ID,IDN,ğŸ‡®ğŸ‡©,Indonesia,360,Republic of Indonesia,,Asia and developing Pacific,South-East Asia and developing Pacific,South-East Asia,developing
IM,IMN,ğŸ‡®ğŸ‡²,Isle of Man,833,,,Developed Countries,Europe,Northern and western Europe,developed
IN,IND,ğŸ‡®ğŸ‡³,India,356,Republic of India,,Asia and developing Pacific,Southern Asia,India & Sri Lanka,developing
IO,IOT,ğŸ‡®ğŸ‡´,British Indian Ocean Territory,086,,,Africa,Africa,Eastern Africa,developing
IE,IRL,ğŸ‡®ğŸ‡ª,Ireland,372,,,Developed Countries,Europe,Northern and western Europe,developed
IR,IRN,ğŸ‡®ğŸ‡·,"Iran, Islamic Republic of",364,Islamic Republic of Iran,,Middle East,Middle East,Middle East,developing
IQ,IRQ,ğŸ‡®ğŸ‡¶,Iraq,368,Republic of Iraq,,Middle East,Middle East,Middle East,developing
IS,ISL,ğŸ‡®ğŸ‡¸,Iceland,352,Republic of Iceland,,Developed Countries,Europe,Northern and western Europe,developed
IL,ISR,ğŸ‡®ğŸ‡±,Israel,376,State of Israel,,Middle East,Middle East,Middle East,developed
IT,ITA,ğŸ‡®ğŸ‡¹,Italy,380,Italian Republic,,Developed Countries,Europe,Southern and eastern Europe,developed
JM,JAM,ğŸ‡¯ğŸ‡²,Jamaica,388,,,Latin America and Caribbean,Latin America and Caribbean,Caribbean,developing
JE,JEY,ğŸ‡¯ğŸ‡ª,Jersey,832,,,Developed Countries,Europe,Northern and western Europe,developed
JO,JOR,ğŸ‡¯ğŸ‡´,Jordan,400,Hashemite Kingdom of Jordan,,Middle East,Middle East,Middle East,developing
JP,JPN,ğŸ‡¯ğŸ‡µ,Japan,392,,,Developed Countries,Asia-Pacific Developed,Asia-Pacific Developed (others),developed
KZ,KAZ,ğŸ‡°ğŸ‡¿,Kazakhstan,398,Republic of Kazakhstan,,Eastern Europe and West-Central Asia,Eurasia,Eurasia,developing
KE,KEN,ğŸ‡°ğŸ‡ª,Kenya,404,Republic of Kenya,,Africa,Africa,Eastern Africa,developing
KG,KGZ,ğŸ‡°ğŸ‡¬,Kyrgyzstan,417,Kyrgyz Republic,,Eastern Europe and West-Central Asia,Eurasia,Eurasia,developing
KH,KHM,ğŸ‡°ğŸ‡­,Cambodia,116,Kingdom of Cambodia,,Asia and developing Pacific,South-East Asia and developing Pacific,South-East Asia,ldc
KI,KIR,ğŸ‡°ğŸ‡®,Kiribati,296,Republic of Kiribati,,Asia and developing Pacific,South-East Asia and developing Pacific,Developing Pacific,ldc
KN,KNA,ğŸ‡°ğŸ‡³,Saint Kitts and Nevis,659,,,Latin America and Caribbean,Latin America and Caribbean,Caribbean,developing
KR,KOR,ğŸ‡°ğŸ‡·,"Korea, Republic of",410,,South Korea,Asia and developing Pacific,Eastern Asia,Eastern Asia,developing
KW,KWT,ğŸ‡°ğŸ‡¼,Kuwait,414,State of Kuwait,,Middle East,Middle East,Middle East,developing
LA,LAO,ğŸ‡±ğŸ‡¦,Lao People's Democratic Republic,418,,,Asia and developing Pacific,South-East Asia and developing Pacific,South-East Asia,ldc
LB,LBN,ğŸ‡±ğŸ‡§,Lebanon,422,Lebanese Republic,,Middle East,Middle East,Middle East,developing
LR,LBR,ğŸ‡±ğŸ‡·,Liberia,430,Republic of Liberia,,Africa,Africa,Western Africa,ldc
LY,LBY,ğŸ‡±ğŸ‡¾,Libya,434,Libya,,Africa,Africa,North Africa,developing
LC,LCA,ğŸ‡±ğŸ‡¨,Saint Lucia,662,,,Latin America and Caribbean,Latin America and Caribbean,Caribbean,developing
LI,LIE,ğŸ‡±ğŸ‡®,Liechtenstein,438,Principality of Liechtenstein,,Developed Countries,Europe,Northern and western Europe,developed
LK,LKA,ğŸ‡±ğŸ‡°,Sri Lanka,144,Democratic Socialist Republic of Sri Lanka,,Asia and developing Pacific,Southern Asia,India & Sri Lanka,developing
LS,LSO,ğŸ‡±ğŸ‡¸,Lesotho,426,Kingdom of Lesotho,,Africa,Africa,Southern and middle Africa,ldc
LT,LTU,ğŸ‡±ğŸ‡¹,Lithuania,440,Republic of Lithuania,,Developed Countries,Europe,Northern and western Europe,developed
LU,LUX,ğŸ‡±ğŸ‡º,Luxembourg,442,Grand Duchy of Luxembourg,,Developed Countries,Europe,Northern and western Europe,developed
LV,LVA,ğŸ‡±ğŸ‡»,Latvia,428,Republic of Latvia,,Developed Countries,Europe,Northern and western Europe,developed
MO,MAC,ğŸ‡²ğŸ‡´,Macao,446,Macao Special Administrative Region of China,,Asia and developing Pacific,Eastern Asia,Eastern Asia,developing
MF,MAF,ğŸ‡²ğŸ‡«,Saint Martin (French part),663,,,Latin America and Caribbean,Latin America and Caribbean,Caribbean,developing
MA,MAR,ğŸ‡²ğŸ‡¦,Morocco,504,Kingdom of Morocco,,Africa,Africa,North Africa,developing
MC,MCO,ğŸ‡²ğŸ‡¨,Monaco,492,Principality of Monaco,,Developed Countries,Europe,Northern and western Europe,developed
MD,MDA,ğŸ‡²ğŸ‡©,"Moldova, Republic of",498,Republic of Moldova,Moldova,Eastern Europe and West-Central Asia,Eurasia,Eurasia,developed
MG,MDG,ğŸ‡²ğŸ‡¬,Madagascar,450,Republic of Madagascar,,Africa,Africa,Eastern Africa,ldc
MV,MDV,ğŸ‡²ğŸ‡»,Maldives,462,Republic of Maldives,,Asia and developing Pacific,Southern Asia,Rest of Southern Asia,developing
MX,MEX,ğŸ‡²ğŸ‡½,Mexico,484,United Mexican States,,Latin America and Caribbean,Latin America and Caribbean,Meso America,developing
MH,MHL,ğŸ‡²ğŸ‡­,Marshall Islands,584,Republic of the Marshall Islands,,Asia and developing Pacific,South-East Asia and developing Pacific,Developing Pacific,developing
MK,MKD,ğŸ‡²ğŸ‡°,North Macedonia,807,Republic of North Macedonia,,Eastern Europe and West-Central Asia,Eurasia,Eurasia,developed
ML,MLI,ğŸ‡²ğŸ‡±,Mali,466,Republic of Mali,,Africa,Africa,Western Africa,ldc
MT,MLT,ğŸ‡²ğŸ‡¹,Malta,470,Republic of Malta,,Developed Countries,Europe,Southern and eastern Europe,developed
MM,MMR,ğŸ‡²ğŸ‡²,Myanmar,104,Republic of Myanmar,,Asia and developing Pacific,South-East Asia and developing Pacific,South-East Asia,ldc
ME,MNE,ğŸ‡²ğŸ‡ª,Montenegro,499,Montenegro,,Developed Countries,Europe,Southern and eastern Europe,developed
MN,MNG,ğŸ‡²ğŸ‡³,Mongolia,496,,,Asia and developing Pacific,Eastern Asia,Eastern Asia,developing
MP,MNP,ğŸ‡²ğŸ‡µ,Northern Mariana Islands,580,Commonwealth of the Northern Mariana Islands,,Asia and developing Pacific,South-East Asia and developing Pacific,Developing Pacific,developing
MZ,MOZ,ğŸ‡²ğŸ‡¿,Mozambique,508,Republic of Mozambique,,Africa,Africa,Eastern Africa,ldc
MR,MRT,ğŸ‡²ğŸ‡·,Mauritania,478,Islamic Republic of Mauritania,,Africa,Africa,Western Africa,ldc
MS,MSR,ğŸ‡²ğŸ‡¸,Montserrat,500,,,Latin America and Caribbean,Latin America and Caribbean,Caribbean,developing
MQ,MTQ,ğŸ‡²ğŸ‡¶,Martinique,474,,,Latin America and Caribbean,Latin America and Caribbean,Caribbean,developing
MU,MUS,ğŸ‡²ğŸ‡º,Mauritius,480,Republic of Mauritius,,Africa,Africa,Eastern Africa,developing
MW,MWI,ğŸ‡²ğŸ‡¼,Malawi,454,Republic of Malawi,,Africa,Africa,Eastern Africa,ldc
MY,MYS,ğŸ‡²ğŸ‡¾,Malaysia,458,,,Asia and developing Pacific,South-East Asia and developing Pacific,South-East Asia,developing
YT,MYT,ğŸ‡¾ğŸ‡¹,Mayotte,175,,,Africa,Africa,Eastern Africa,developing
NA,NAM,ğŸ‡³ğŸ‡¦,Namibia,516,Republic of Namibia,,Africa,Africa,Southern and middle Africa,developing
NC,NCL,ğŸ‡³ğŸ‡¨,New Caledonia,540,,,Asia and developing Pacific,South-East Asia and developing Pacific,Developing Pacific,developing
NE,NER,ğŸ‡³ğŸ‡ª,Niger,562,Republic of the Niger,,Africa,Africa,Western Africa,ldc
NF,NFK,ğŸ‡³ğŸ‡«,Norfolk Island,574,,,Developed Countries,Asia-Pacific Developed,Asia-Pacific Developed (others),developed
NG,NGA,ğŸ‡³ğŸ‡¬,Nigeria,566,Federal Republic of Nigeria,,Africa,Africa,Western Africa,developing
NI,NIC,ğŸ‡³ğŸ‡®,Nicaragua,558,Republic of Nicaragua,,Latin America and Caribbean,Latin America and Caribbean,Meso America,developing
NU,NIU,ğŸ‡³ğŸ‡º,Niue,570,Niue,,Asia and developing Pacific,South-East Asia and developing Pacific,Developing Pacific,developing
NL,NLD,ğŸ‡³ğŸ‡±,Netherlands,528,Kingdom of the Netherlands,,Developed Countries,Europe,Northern and western Europe,developed
NO,NOR,ğŸ‡³ğŸ‡´,Norway,578,Kingdom of Norway,,Developed Countries,Europe,Northern and western Europe,developed
NP,NPL,ğŸ‡³ğŸ‡µ,Nepal,524,Federal Democratic Republic of Nepal,,Asia and developing Pacific,Southern Asia,Rest of Southern Asia,ldc
NR,NRU,ğŸ‡³ğŸ‡·,Nauru,520,Republic of Nauru,,Asia and developing Pacific,South-East Asia and developing Pacific,Developing Pacific,developing
NZ,NZL,ğŸ‡³ğŸ‡¿,New Zealand,554,,,Developed Countries,Asia-Pacific Developed,Australia & New Zealand,developed
OM,OMN,ğŸ‡´ğŸ‡²,Oman,512,Sultanate of Oman,,Middle East,Middle East,Middle East,developing
PK,PAK,ğŸ‡µğŸ‡°,Pakistan,586,Islamic Republic of Pakistan,,Asia and developing Pacific,Southern Asia,Rest of Southern Asia,developing
PA,PAN,ğŸ‡µğŸ‡¦,Panama,591,Republic of Panama,,Latin America and Caribbean,Latin America and Caribbean,Meso America,developing
PN,PCN,ğŸ‡µğŸ‡³,Pitcairn,612,,,Asia and developing Pacific,South-East Asia and developing Pacific,Developing Pacific,developing
PE,PER,ğŸ‡µğŸ‡ª,Peru,604,Republic of Peru,,Latin America and Caribbean,Latin America and Caribbean,South America,developing
PH,PHL,ğŸ‡µğŸ‡­,Philippines,608,Republic of the Philippines,,Asia and developing Pacific,South-East Asia and developing Pacific,South-East Asia,developing
PW,PLW,ğŸ‡µğŸ‡¼,Palau,585,Republic of Palau,,Asia and developing Pacific,South-East Asia and developing Pacific,Developing Pacific,developing
PG,PNG,ğŸ‡µğŸ‡¬,Papua New Guinea,598,Independent State of Papua New Guinea,,Asia and developing Pacific,South-East Asia and developing Pacific,Developing Pacific,developing
PL,POL,ğŸ‡µğŸ‡±,Poland,616,Republic of Poland,,Developed Countries,Europe,Southern and eastern Europe,developed
PR,PRI,ğŸ‡µğŸ‡·,Puerto Rico,630,,,Latin America and Caribbean,Latin America and Caribbean,Caribbean,developing
KP,PRK,ğŸ‡°ğŸ‡µ,"Korea, Democratic People's Republic of",408,Democratic People's Republic of Korea,North Korea,Asia and developing Pacific,Eastern Asia,Eastern Asia,developing
PT,PRT,ğŸ‡µğŸ‡¹,Portugal,620,Portuguese Republic,,Developed Countries,Europe,Southern and eastern Europe,developed
PY,PRY,ğŸ‡µğŸ‡¾,Paraguay,600,Republic of Paraguay,,Latin America and Caribbean,Latin America and Caribbean,South America,developing
PS,PSE,ğŸ‡µğŸ‡¸,"Palestine, State of",275,the State of Palestine,,Middle East,Middle East,Middle East,developing
PF,PYF,ğŸ‡µğŸ‡«,French Polynesia,258,,,Asia and developing Pacific,South-East Asia and developing Pacific,Developing Pacific,developing
QA,QAT,ğŸ‡¶ğŸ‡¦,Qatar,634,State of Qatar,,Middle East,Middle East,Middle East,developing
RE,REU,ğŸ‡·ğŸ‡ª,RÃ©union,638,,,Africa,Africa,Eastern Africa,developing
RO,ROU,ğŸ‡·ğŸ‡´,Romania,642,,,Developed Countries,Europe,Southern and eastern Europe,developed
RU,RUS,ğŸ‡·ğŸ‡º,Russian Federation,643,,,Eastern Europe and West-Central Asia,Eurasia,Eurasia,developed
RW,RWA,ğŸ‡·ğŸ‡¼,Rwanda,646,Rwandese Republic,,Africa,Africa,Eastern Africa,ldc
SA,SAU,ğŸ‡¸ğŸ‡¦,Saudi Arabia,682,Kingdom of Saudi Arabia,,Middle East,Middle East,Middle East,developing
SD,SDN,ğŸ‡¸ğŸ‡©,Sudan,729,Republic of the Sudan,,Africa,Africa,North Africa,ldc
SN,SEN,ğŸ‡¸ğŸ‡³,Senegal,686,Republic of Senegal,,Africa,Africa,Western Africa,ldc
SG,SGP,ğŸ‡¸ğŸ‡¬,Singapore,702,Republic of Singapore,,Asia and developing Pacific,South-East Asia and developing Pacific,South-East Asia,developing
GS,SGS,ğŸ‡¬ğŸ‡¸,South Georgia and the South Sandwich Islands,239,,,Latin America and Caribbean,Latin America and Caribbean,South America,developing
SH,SHN,ğŸ‡¸ğŸ‡­,"Saint Helena, Ascension and Tristan da Cunha",654,,,Africa,Africa,Western Africa,developing
SJ,SJM,ğŸ‡¸ğŸ‡¯,Svalbard and Jan Mayen,744,,,Developed Countries,Europe,Northern and western Europe,developed
SB,SLB,ğŸ‡¸ğŸ‡§,Solomon Islands,090,,,Asia and developing Pacific,South-East Asia and developing Pacific,Developing Pacific,ldc
SL,SLE,ğŸ‡¸ğŸ‡±,Sierra Leone,694,Republic of Sierra Leone,,Africa,Africa,Western Africa,ldc
SV,SLV,ğŸ‡¸ğŸ‡»,El Salvador,222,Republic of El Salvador,,Latin America and Caribbean,Latin America and Caribbean,Meso America,developing
SM,SMR,ğŸ‡¸ğŸ‡²,San Marino,674,Republic of San Marino,,Developed Countries,Europe,Southern and eastern Europe,developed
SO,SOM,ğŸ‡¸ğŸ‡´,Somalia,706,Federal Republic of Somalia,,Africa,Africa,Eastern Africa,ldc
PM,SPM,ğŸ‡µğŸ‡²,Saint Pierre and Miquelon,666,,,Developed Countries,North America,"Greenland, Bermuda + others",developed
RS,SRB,ğŸ‡·ğŸ‡¸,Serbia,688,Republic of Serbia,,Developed Countries,Europe,Southern and eastern Europe,developed
SS,SSD,ğŸ‡¸ğŸ‡¸,South Sudan,728,Republic of South Sudan,,Africa,Africa,Eastern Africa,ldc
ST,STP,ğŸ‡¸ğŸ‡¹,Sao Tome and Principe,678,Democratic Republic of Sao Tome and Principe,,Africa,Africa,Southern and middle Africa,ldc
SR,SUR,ğŸ‡¸ğŸ‡·,Suriname,740,Republic of Suriname,,Latin America and Caribbean,Latin America and Caribbean,South America,developing
SK,SVK,ğŸ‡¸ğŸ‡°,Slovakia,703,Slovak Republic,,Developed Countries,Europe,Southern and eastern Europe,developed
SI,SVN,ğŸ‡¸ğŸ‡®,Slovenia,705,Republic of Slovenia,,Developed Countries,Europe,Southern and eastern Europe,developed
SE,SWE,ğŸ‡¸ğŸ‡ª,Sweden,752,Kingdom of Sweden,,Developed Countries,Europe,Northern and western Europe,developed
SZ,SWZ,ğŸ‡¸ğŸ‡¿,Eswatini,748,Kingdom of Eswatini,,Africa,Africa,Southern and middle Africa,developing
SX,SXM,ğŸ‡¸ğŸ‡½,Sint Maarten (Dutch part),534,Sint Maarten (Dutch part),,Latin America and Caribbean,Latin America and Caribbean,Caribbean,developing
SC,SYC,ğŸ‡¸ğŸ‡¨,Seychelles,690,Republic of Seychelles,,Africa,Africa,Eastern Africa,developing
SY,SYR,ğŸ‡¸ğŸ‡¾,Syrian Arab Republic,760,,,Middle East,Middle East,Middle East,developing
TC,TCA,ğŸ‡¹ğŸ‡¨,Turks and Caicos Islands,796,,,Latin America and Caribbean,Latin America and Caribbean,Caribbean,developing
TD,TCD,ğŸ‡¹ğŸ‡©,Chad,148,Republic of Chad,,Africa,Africa,Southern and middle Africa,ldc
TG,TGO,ğŸ‡¹ğŸ‡¬,Togo,768,Togolese Republic,,Africa,Africa,Western Africa,ldc
TH,THA,ğŸ‡¹ğŸ‡­,Thailand,764,Kingdom of Thailand,,Asia and developing Pacific,South-East Asia and developing Pacific,South-East Asia,developing
TJ,TJK,ğŸ‡¹ğŸ‡¯,Tajikistan,762,Republic of Tajikistan,,Eastern Europe and West-Central Asia,Eurasia,Eurasia,developing
TK,TKL,ğŸ‡¹ğŸ‡°,Tokelau,772,,,Asia and developing Pacific,South-East Asia and developing Pacific,Developing Pacific,developing
TM,TKM,ğŸ‡¹ğŸ‡²,Turkmenistan,795,,,Eastern Europe and West-Central Asia,Eurasia,Eurasia,developing
TL,TLS,ğŸ‡¹ğŸ‡±,Timor-Leste,626,Democratic Republic of Timor-Leste,,Asia and developing Pacific,South-East Asia and developing Pacific,South-East Asia,ldc
TO,TON,ğŸ‡¹ğŸ‡´,Tonga,776,Kingdom of Tonga,,Asia and developing Pacific,South-East Asia and developing Pacific,Developing Pacific,developing
TT,TTO,ğŸ‡¹ğŸ‡¹,Trinidad and Tobago,780,Republic of Trinidad and Tobago,,Latin America and Caribbean,Latin America and Caribbean,Caribbean,developing
TN,TUN,ğŸ‡¹ğŸ‡³,Tunisia,788,Republic of Tunisia,,Africa,Africa,North Africa,developing
TR,TUR,ğŸ‡¹ğŸ‡·,Turkey,792,Republic of Turkey,,Developed Countries,Europe,Southern and eastern Europe,developed
TV,TUV,ğŸ‡¹ğŸ‡»,Tuvalu,798,,,Asia and developing Pacific,South-East Asia and developing Pacific,Developing Pacific,ldc
TW,TWN,ğŸ‡¹ğŸ‡¼,"Taiwan, Province of China",158,"Taiwan, Province of China",Taiwan,Asia and developing Pacific,Eastern Asia,Eastern Asia,developing
TZ,TZA,ğŸ‡¹ğŸ‡¿,"Tanzania, United Republic of",834,United Republic of Tanzania,Tanzania,Africa,Africa,Eastern Africa,ldc
UG,UGA,ğŸ‡ºğŸ‡¬,Uganda,800,Republic of Uganda,,Africa,Africa,Eastern Africa,ldc
UA,UKR,ğŸ‡ºğŸ‡¦,Ukraine,804,,,Developed Countries,Europe,Southern and eastern Europe,developed
UM,UMI,ğŸ‡ºğŸ‡²,United States Minor Outlying Islands,581,,,Asia and developing Pacific,South-East Asia and developing Pacific,Developing Pacific,developing
UY,URY,ğŸ‡ºğŸ‡¾,Uruguay,858,Eastern Republic of Uruguay,,Latin America and Caribbean,Latin America and Caribbean,South America,developing
US,USA,ğŸ‡ºğŸ‡¸,United States,840,United States of America,,Developed Countries,North America,USA & Canada,developed
UZ,UZB,ğŸ‡ºğŸ‡¿,Uzbekistan,860,Republic of Uzbekistan,,Eastern Europe and West-Central Asia,Eurasia,Eurasia,developing
VA,VAT,ğŸ‡»ğŸ‡¦,Holy See (Vatican City State),336,,,Developed Countries,Europe,Southern and eastern Europe,developed
VC,VCT,ğŸ‡»ğŸ‡¨,Saint Vincent and the Grenadines,670,,,Latin America and Caribbean,Latin America and Caribbean,Caribbean,developing
VE,VEN,ğŸ‡»ğŸ‡ª,"Venezuela, Bolivarian Republic of",862,Bolivarian Republic of Venezuela,Venezuela,Latin America and Caribbean,Latin America and Caribbean,South America,developing
VG,VGB,ğŸ‡»ğŸ‡¬,"Virgin Islands, British",092,British Virgin Islands,,Latin America and Caribbean,Latin America and Caribbean,Caribbean,developing
VI,VIR,ğŸ‡»ğŸ‡®,"Virgin Islands, U.S.",850,Virgin Islands of the United States,,Latin America and Caribbean,Latin America and Caribbean,Caribbean,developing
VN,VNM,ğŸ‡»ğŸ‡³,Viet Nam,704,Socialist Republic of Viet Nam,Vietnam,Asia and developing Pacific,South-East Asia and developing Pacific,South-East Asia,developing
VU,VUT,ğŸ‡»ğŸ‡º,Vanuatu,548,Republic of Vanuatu,,Asia and developing Pacific,South-East Asia and developing Pacific,Developing Pacific,ldc
WF,WLF,ğŸ‡¼ğŸ‡«,Wallis and Futuna,876,,,Asia and developing Pacific,South-East Asia and developing Pacific,Developing Pacific,developing
WS,WSM,ğŸ‡¼ğŸ‡¸,Samoa,882,Independent State of Samoa,,Asia and developing Pacific,South-East Asia and developing Pacific,Developing Pacific,developing
YE,YEM,ğŸ‡¾ğŸ‡ª,Yemen,887,Republic of Yemen,,Middle East,Middle East,Middle East,ldc
ZA,ZAF,ğŸ‡¿ğŸ‡¦,South Africa,710,Republic of South Africa,,Africa,Africa,Southern and middle Africa,developing
ZM,ZMB,ğŸ‡¿ğŸ‡²,Zambia,894,Republic of Zambia,,Africa,Africa,Eastern Africa,ldc
ZW,ZWE,ğŸ‡¿ğŸ‡¼,Zimbabwe,716,Republic of Zimbabwe,,Africa,Africa,Eastern Africa,developing
